/*
Navicat MySQL Data Transfer

Source Server         : test1
Source Server Version : 50703
Source Host           : localhost:3306
Source Database       : test1

Target Server Type    : MYSQL
Target Server Version : 50703
File Encoding         : 65001

Date: 2018-06-13 18:35:57
*/

SET FOREIGN_KEY_CHECKS=0;

-- ----------------------------
-- Table structure for book
-- ----------------------------
DROP TABLE IF EXISTS `book`;
CREATE TABLE `book` (
  `id` int(11) NOT NULL AUTO_INCREMENT,
  `name` text,
  PRIMARY KEY (`id`)
) ENGINE=InnoDB AUTO_INCREMENT=3 DEFAULT CHARSET=utf8;

-- ----------------------------
-- Records of book
-- ----------------------------
INSERT INTO `book` VALUES ('1', 'java');
INSERT INTO `book` VALUES ('2', 'html');

-- ----------------------------
-- Table structure for comment
-- ----------------------------
DROP TABLE IF EXISTS `comment`;
CREATE TABLE `comment` (
  `id` int(11) NOT NULL AUTO_INCREMENT,
  `user_id` int(11) DEFAULT NULL,
  `other_id` int(11) DEFAULT NULL,
  `reply` int(11) DEFAULT NULL,
  `content` text,
  `content_id` int(11) DEFAULT NULL,
  PRIMARY KEY (`id`)
) ENGINE=InnoDB AUTO_INCREMENT=45 DEFAULT CHARSET=utf8;

-- ----------------------------
-- Records of comment
-- ----------------------------
INSERT INTO `comment` VALUES ('1', '1', '0', '0', '谢谢先介绍一下本人的基本情况：陕西普通一本非计算机专业大三学生，非985211。主要技能C/C++/Java/数据结构/算法。', '1');
INSERT INTO `comment` VALUES ('2', '2', '1', '1', '你好，你好朋友们谢谢谢分享谢谢分谢谢分享谢谢分谢谢分享谢谢分谢谢分享谢谢分谢谢分享谢谢分谢分享谢谢分享谢谢分享谢谢分享谢谢分享谢谢分享谢谢分享', '1');
INSERT INTO `comment` VALUES ('3', '2', '0', '0', 'father1', '1');
INSERT INTO `comment` VALUES ('4', '2', '0', '0', 'father1-2', '2');
INSERT INTO `comment` VALUES ('5', '3', '2', '1', 'child1', '1');
INSERT INTO `comment` VALUES ('6', '3', '2', '3', 'child1', '1');
INSERT INTO `comment` VALUES ('37', '3', '0', '0', '我是Jane,我加一条', '1');
INSERT INTO `comment` VALUES ('38', '2', '0', '0', 'dd', '31');
INSERT INTO `comment` VALUES ('39', '2', '0', '0', 'dd', '31');
INSERT INTO `comment` VALUES ('40', '2', '0', '0', '\"\"', '31');
INSERT INTO `comment` VALUES ('41', '2', '0', '0', '谢谢分享', '40');
INSERT INTO `comment` VALUES ('42', '3', '0', '0', '不错', '40');
INSERT INTO `comment` VALUES ('44', '3', '2', '41', '对', '40');

-- ----------------------------
-- Table structure for content
-- ----------------------------
DROP TABLE IF EXISTS `content`;
CREATE TABLE `content` (
  `id` int(11) NOT NULL AUTO_INCREMENT,
  `company` text,
  `type` text,
  `result` text,
  `contentDate` date DEFAULT NULL,
  `education` text,
  `industry` text,
  `detail` text,
  `user_id` int(11) DEFAULT NULL,
  `job` text,
  PRIMARY KEY (`id`)
) ENGINE=InnoDB AUTO_INCREMENT=42 DEFAULT CHARSET=utf8;

-- ----------------------------
-- Records of content
-- ----------------------------
INSERT INTO `content` VALUES ('20', '阿里', '校招', '通过', '2018-06-12', '硕士985/211', 'IT|互联网|通信', '等了六天了，看到周围的人都收到了阿里面试电话，我迟迟没有。\r\n\r\n我默默重写了一份简历....终于在今天准备去吃饭的时候来了一个电话，我一看来自杭州一下子就惊了，都在角落接起电话开始面试。下面分享我的面经：\r\n\r\n（以下文字均被精简了）\r\n\r\n1、简单介绍一下自己吧\r\n\r\n2、面试官开始谈项目\r\n\r\n3、tcp和udp的区别\r\n\r\n4、tcp如何实现可控传输\r\n\r\n5、说说synchronized（这个地方我把jvm对synchronized的优化也说了）\r\n\r\n6、说说Lock接口\r\n\r\n7、说说synchronized和Lock的区别\r\n\r\n8、说说Lock接口的实现类', '2', '软件开发');
INSERT INTO `content` VALUES ('21', '腾讯', '社招', '通过', '2018-05-16', '硕士985/211', 'IT|互联网|通信', '面试结果不错\r\n腾讯面试', '1', '软件测试');
INSERT INTO `content` VALUES ('22', '华为', '校招', '通过', '2018-06-22', '硕士985/211', 'IT|互联网|通信', '不错“的面试”，感觉可以、、//djjdosl', '1', '软开');
INSERT INTO `content` VALUES ('23', '中兴', '校招', '通过', '2018-06-11', '硕士985/211', 'IT|互联网|通信', '是‘短斤少两是’，“不‘要，‘’”', '1', 'LTE');
INSERT INTO `content` VALUES ('24', '中兴', '校招', '通过', '2018-06-11', '硕士985/211', 'IT|互联网|通信', '\"\"', '1', 'LTE');
INSERT INTO `content` VALUES ('25', '小米', '社招', '未过', '2018-06-30', '硕士985/211', 'IT|互联网|通信', '　首先开始一面。一上来，还是依旧自我介绍，说实话，我原先并没有准备这个环节，所以讲的非常仓促，没有条理（我自己都不知道在讲什么 ，大概是 自己的基本信息以及学习过的编程语言）。下面我整理一下面试官问的问题：\r\n\r\n1、说说你对java的认识？ \r\n2、对java了解哪些？ \r\n3、说说java集合类？\r\n\r\nANSWER:\r\n\r\n　友情链接：java集合解析\r\n\r\n　友情链接：java集合类\r\n\r\n　友情链接：集合详解\r\n\r\n4、说说Java多线程的内容？（同步机制等）\r\n\r\n其中第三个问题，他又延伸开来，问了我：\r\n\r\n①TreeMap与HashMap区别？实现原理？\r\n\r\n②List的实现原理？\r\n\r\n③ArrayList初始化的默认长度？ArrayList的长度是固定的吗？其实现的原理是什么？\r\n\r\nArrayList的底层是由一个Object[]数组构成的， 而这个Object[]数组，默认的长度是10 。\r\n\r\nArrayList<String> al = new ArrayList<String>();  \r\n1\r\n　　如果直接打印al.size()当然是0,size()方法，因为10指的是“逻辑”长度。 所谓“逻辑”长度，是指内存已存在的“实际元素的长度” 而“空元素不被计算“；即：当你利用add()方法，向ArrayList内添加一个“元素”时， 逻辑长度就增加1位。 而剩下的9个空元素不被计算。\r\n\r\n\r\n\r\n下面是ArrayList的部分源代码:\r\n\r\n<pre name=\"code\" class=\"html\"> public ArrayList()  \r\n  {  \r\n    this(10);  \r\n  }  \r\n1\r\n2\r\n3\r\n4\r\n　　java自动增加ArrayList大小的思路是：向ArrayList添加对象时，原对象数目加1如果大于原底层数组的长度，则以适当长度新建一个原数组的拷贝，并修改原数组，指向这个新建数组。原数组自动抛弃（java垃圾回收机制自动回收）。size则在向数组添加对象，自增1。', '3', '数据分析开发');
INSERT INTO `content` VALUES ('26', '小米', '校招', '通过', '2018-05-01', '硕士985/211', 'IT|互联网|通信', '通过', '3', '数据分析开发');
INSERT INTO `content` VALUES ('27', '小米', '校招', '通过', '2018-05-01', '硕士985/211', 'IT|互联网|通信', '通过　首先开始一面。一上来，还是依旧自我介绍，说实话，我原先并没有准备这个环节，所以讲的非常仓促，没有条理（我自己都不知道在讲什么 ，大概是 自己的基本信息以及学习过的编程语言）。下面我整理一下面试官问的问题：\r\n\r\n1、说说你对java的认识？ \r\n2、对java了解哪些？ \r\n3、说说java集合类？\r\n\r\nANSWER:\r\n\r\n　友情链接：java集合解析\r\n\r\n　友情链接：java集合类\r\n\r\n　友情链接：集合详解\r\n\r\n4、说说Java多线程的内容？（同步机制等）\r\n\r\n其中第三个问题，他又延伸开来，问了我：\r\n\r\n①TreeMap与HashMap区别？实现原理？\r\n\r\n②List的实现原理？\r\n\r\n③ArrayList初始化的默认长度？ArrayList的长度是固定的吗？其实现的原理是什么？\r\n\r\nArrayList的底层是由一个Object[]数组构成的， 而这个Object[]数组，默认的长度是10 。\r\n\r\nArrayList<String> al = new ArrayList<String>();  \r\n1\r\n　　如果直接打印al.size()当然是0,size()方法，因为10指的是“逻辑”长度。 所谓“逻辑”长度，是指内存已存在的“实际元素的长度” 而“空元素不被计算“；即：当你利用add()方法，向ArrayList内添加一个“元素”时， 逻辑长度就增加1位。 而剩下的9个空元素不被计算。\r\n\r\n\r\n\r\n下面是ArrayList的部分源代码:\r\n\r\n<pre name=\"code\" class=\"html\"> public ArrayList()  \r\n  {  \r\n    this(10);  \r\n  }  \r\n1\r\n2\r\n3\r\n4\r\n　　java自动增加ArrayList大小的思路是：向ArrayList添加对象时，原对象数目加1如果大于原底层数组的长度，则以适当长度新建一个原数组的拷贝，并修改原数组，指向这个新建数组。原数组自动抛弃（java垃圾回收机制自动回收）。size则在向数组添加对象，自增1。', '3', '数据分析开发');
INSERT INTO `content` VALUES ('28', '小米', '校招', '通过', '2018-05-01', '硕士985/211', 'IT|互联网|通信', '\r\n　　java自动增加ArrayList大小的思路是：向ArrayList添加对象时，原对象数目加1如果大于原底层数组的长度，则以适当长度新建一个原数组的拷贝，并修改原数组，指向这个新建数组。原数组自动抛弃（java垃圾回收机制自动回收）。size则在向数组添加对象，自增1。', '3', '数据分析开发');
INSERT INTO `content` VALUES ('29', '小米', '校招', '通过', '2018-05-01', '硕士985/211', 'IT|互联网|通信', '　首先开始一面。一上来，还是依旧自我介绍，说实话，我原先并没有准备这个环节，所以讲的非常仓促，没有条理（我自己都不知道在讲什么 ，大概是 自己的基本信息以及学习过的编程语言）。下面我整理一下面试官问的问题：\r\n\r\n1、说说你对java的认识？ \r\n2、对java了解哪些？ \r\n3、说说java集合类？\r\n\r\nANSWER:\r\n\r\n　友情链接：java集合解析\r\n\r\n　友情链接：java集合类\r\n\r\n　友情链接：集合详解\r\n\r\n4、说说Java多线程的内容？（同步机制等）\r\n\r\n其中第三个问题，他又延伸开来，问了我：\r\n\r\n①TreeMap与HashMap区别？实现原理？\r\n\r\n②List的实现原理？\r\n\r\n③ArrayList初始化的默认长度？ArrayList的长度是固定的吗？其实现的原理是什么？\r\n\r\nArrayList的底层是由一个Object[]数组构成的， 而这个Object[]数组，默认的长度是10 。\r\n\r\nArrayList<String> al = new ArrayList<String>();  \r\n1\r\n　　如果直接打印al.size()当然是0,size()方法，因为10指的是“逻辑”长度。 所谓“逻辑”长度，是指内存已存在的“实际元素的长度” 而“空元素不被计算“；即：当你利用add()方法，向ArrayList内添加一个“元素”时， 逻辑长度就增加1位。 而剩下的9个空元素不被计算。\r\n\r\n\r\n\r\n下面是ArrayLpublic ArrayList()  \r\n  {  \r\n    this(10);  \r\n  }  \r\n1\r\n2\r\n3\r\n4\r\n　　java自动增加ArrayList大小的思路是：向ArrayList添加对象时，原对象数目加1如果大于原底层数组的长度，则以适当长度新建一个原数组的拷贝，并修改原数组，指向这个新建数组。原数组自动抛弃（java垃圾回收机制自动回收）。size则在向数组添加对象，自增1。', '3', '数据分析开发');
INSERT INTO `content` VALUES ('30', '深信服', '校招', '通过', '2018-06-20', '硕士985/211', 'IT|互联网|通信', 'insert into content(user_id) values(2);', '2', '软开');
INSERT INTO `content` VALUES ('31', '百度', '校招', '通过', '2018-06-03', '硕士985/211', 'IT|互联网|通信', '&ldquo;&lsquo;&rsquo;&rdquo;\'\'&lt;script&gt;alert(\'hello world\');&lt;/script&gt;&quot;&quot;;', '2', '人工智能');
INSERT INTO `content` VALUES ('32', 'zte', '校招', '通过', '2018-06-21', '硕士985/211', '汽车|机械|自动化|设计', 'dsk\r\ndjs\r\ndjs', '2', 'lqw');
INSERT INTO `content` VALUES ('33', 'zte', '校招', '通过', '2018-06-13', '硕士985/211', 'IT|互联网|通信', 'dsk\\r\\ndjs\\r\\ndjs\\r\\n&lt;script&gt;document.write(1);&lt;\\/script&gt;', '2', 'd');
INSERT INTO `content` VALUES ('34', 'zte', '校招', '通过', '2018-06-13', '硕士985/211', 'IT|互联网|通信', '&lt;pre name=&quot;code&quot; class=&quot;html&quot;&gt;', '2', 'd');
INSERT INTO `content` VALUES ('35', 'zte', '校招', '通过', '2018-06-13', '硕士985/211', 'IT|互联网|通信', '&lt;pre name=&quot;code&quot; class=&quot;html&quot;&gt;\r\ndsd\r\nf', '2', 'd');
INSERT INTO `content` VALUES ('36', '华为技术有限公司', '社招', '未知', '2018-06-30', '硕士985/211', 'IT|互联网|通信', 'u9762u8BD5u611Fu89C9u4E0Du9519\r\nu4F5Cu8005uFF1A17u5E74u8FDBu534Eu4E3A\r\nu94FEu63A5uFF1Ahttps://www.nowcoder.com/discuss/35039?type=0&amp;order=0&amp;pos=11&amp;page=1\r\nu6765u6E90uFF1Au725Bu5BA2u7F51\r\n\r\nu524Du51E0u5929u7ECFu8FC7u673Au8003uFF0Cu6027u683Cu6D4Bu8BD5u3002u77EDu4FE1u901Au77E5u4ECAu592910u70B9u9762u8BD5u3002\r\nu4EBAu751Fu7B2Cu4E00u6B21u9762u8BD5u732Eu7ED9u4E86u534Eu4E3AuFF0Cu8FD8u6709u70B9u5C0Fu7D27u5F20uFF0C\r\n8u70B920u5C31u6EF4u6EF4u8FC7u53BBu4E86u3002u534Eu4E3Au65E9u4E861u4E2Au5C0Fu65F6u3002\r\nu7B49u523010u70B930u4EE5u540Eu624Du5F00u59CBu9762u6211u3002\r\nu9762u8BD5u771Fu7684u5F88u6C34u3001u5FC3u91CCu6CA1u8C31\r\nu8EABu8FB9u540Cu5B66u7684u7ECFu9A8Cu662FuFF0Cu7814u7A76u751Fu57FAu672Cu53EAu95EEu9879u76EEuFF0Cu672Cu79D1u751Fu6709u95EEu9879u76EEuFF0Cu6709u95EEu57FAu7840\r\nu6211u7684u7ECFu9A8Cu662FuFF1Au672Cu79D1u751Fu597Du597Du51C6u5907u4E002u4E2Au9879u76EEu5C31u597DuFF0Cu5176u4ED6u5C31u662Fu95EEu76F8u5173u7684u57FAu7840u77E5u8BC6u3002u7814u7A76u751Fu9879u76EEu7ECFu9A8Cu5199u591Au70B9uFF08u6211u5199u4E868u4E2Au9879u76EEu5427uFF0Cu5168u5199u7684u72ECu7ACBu5B8Cu6210uFF09uFF0Cu7136u540Eu597Du597Du5305u88C5\r\n\r\nu4E0Bu9762u5F00u59CBu7684Au4EE3u8868u9762u8BD5u5B98uFF0CBu4EE3u8868u6211u3002\r\nu7B2Cu4E00u9762\r\nu5750u7740u3002u9762u4F60u7684u9762u8BD5u5B98u81EAu5DF1u51FAu6765u53EBu4F60u540Du5B57u3002u8BB0u5F97u5FAEu7B11u7684u8DDFu7740u8D70u8FC7u53BBu3002\r\n\r\nB:u9762u8BD5u5B98uFF0Cu8FD9u662Fu6211u7684u7B80u5386\r\nA:u4E0Du9700u8981\r\n\r\nB:u77EDu4FE1u901Au77E5u8BA9u5E26u4E0Au8BC1u4E66uFF0Cu8FD9u91CCu662Fu8BC1u4E66uFF0Cu9700u8981u68C0u67E5u4E0Bu4E0D\r\nA:u4E0Du9700u8981uFF08u9762u8BD5u5B98u4EC0u4E48u90FDu6CA1u6536u6211u7684uFF0Cu76F4u63A5u770Bu7684u4ED6u7535u8111u3002u3002u5F53u65F6u5FC3u4E2Du5931u843DuFF09\r\nu95EEu8BA9u6211u53EBu4E00u4E2Au9879u76EE\r\n\r\nB:u6700u8FD1u4E00u5E74u6211u4E3Bu8981u505Au4E00u4E2Au5206u5E03u5F0Fu5B89u5168u6570u636Eu5E93u7684u9879u76EEu3002bbu4E86u4E00u4E0Bu3002u7136u540Eu6211u95EEu9700u8981u753Bu56FEu89E3u91CAu4E00u4E0Bu4E0Du3002\r\nA:u53EFu4EE5uFF0Cu6765u753Bu4E00u4E0Bu3002\r\n\r\nB:u753Bu597Du4E86uFF0Cu4ECEmysqlu901Au4FE1u524Du7AEFu5230sqlu89E3u6790u5230sqlu4F18u5316u5230u6570u636Eu5E93u5F15u64CEuFF0Cu6211u5206u522Bu8BB2u4E86u4E00u4E0B----------------\r\nA:u6069uFF0Cu6211u95EEu4F60u4E00u4E0BuFF0Cu524Du7AEFsocketu8FDEu63A5u4F60u600Eu4E48u89E3u51B3u7684uFF08u5927u6982u662Fu8FD9u4E2Au610Fu601DuFF09\r\n\r\nB:u6211u4ECEjava bio nio aio u518Du5927nettyu5206u522Bu8BF4u4E00u4E0Bu3002u3002u3002u3002\r\nA:u5206u5E03u5F0Fu4E00u81F4u6027u4F60u662Fu600Eu4E48u89E3u51B3u7684u3002\r\n\r\nB:u8BB2u4E86u5206u5E03u5F0Fu534Fu8BAEbaseuFF0Cpaxosu7B49u7B49uFF0Cu7136u540Eu8BF4u81EAu5DF1u60F3u5230u7528u5206u5E03u5F0Fu9501u3002u6700u540Eu89C9u5F97u6027u80FDu4E0Du591FuFF0Cu7528u7684u5206u5E03u5F0Fu591Au7248u672Cu63A7u5236u3002u3002u3002u3002\r\nA:u4F60u8FD9u4E2Au6570u636Eu5E93u548Cmysqlu76F8u6BD4u6709u4EC0u4E48u4F18u70B9u3002\r\n\r\nB:u6211u4ECEmysqlu7684u5206u5E03u5F0Fu5230mysql clusteru5206u522Bu8BF4u4E86u4E0Bu3002u6700u540Eu8BF4u4E86u4E0Bu81EAu5DF1u7684u9879u76EEu65E0u4E3Bu8282u70B9uFF0Cu90E8u7F72u7B80u5355uFF0CuFF0CuFF0CuFF0CuFF0Cu8FD8u63D0u5230hadoopuFF0Cu963Fu91CCu5206u5E03u5F0Fu6570u636Eu5E93u4EC0u4E48u7684uFF0Cu4F5Cu4E3Au5BF9u6BD4u3002\r\nA:u9762u8BD5u5B98u5F00u59CBu8BB2u56FDu5185u6570u636Eu5E93u5F00u53D1u73B0u72B6,,,,,,,,,,,,,,,,u3002u4E0Du77E5u9053u600Eu4E48u5C31u8BF4u5230u534Eu4E3Au5B58u50A8u4E86u3002\r\nu7136u540E\r\n\r\nB:u6211u5C31u95EEu5B58u50A8u662Fu534Eu4E3Au6210u90FDu7684u5927u90E8u95E8uFF0Cu8BF7u95EEu4E3Bu8981u505Au4EC0u4E48uFF0Cu4EA7u54C1u6709u54EAu4E9Bu3002\r\nu9762u8BD5u5B98u8BB2u4E86u5927u5806u3002u6211u4E5Fu8DDFu7740u804Au4E86u4E0Bu3002u4ECEu963Fu91CCu4E91u5230uFF0CuFF0CuFF0CuFF0CuFF0CuFF0C\r\nA:u95EEu8FD8u6709u4EC0u4E48u95EEu9898u5417\r\n\r\nB:u6211u60F3u95EEu4E00u4E0Bu5C97u4F4Du662Fu4E0Du662Fu968Fu4FBFu5206u914Du7684\r\nA:u4E0Du662FuFF0CuFF0CuFF0CuFF0CuFF0CuFF0C\r\n\r\nB:u4E5Fu5C31u662Fu4F1Au53C2u8003u81EAu5DF1u7684u610Fu613FuFF0Cu662Fu5427\r\nA:u5F53u7136----------------------u3002\r\n\r\nB:u5982u679Cu6211u8FDBu534Eu4E3AuFF0Cu4F1Au4E0Du4F1Au628Au6211u5206u914Du5230c&mdash;\r\nu8BF4u4E0Du56DEuFF0CuFF0CuFF0CuFF0CuFF0Cu7136u540Eu8BF4u6211u53EFu4EE5u8DDFu4EE5u540Eu7684u9762u8BD5u5B98u8BF4u4E0Bu6211u7684u610Fu613Fu3002\r\nA:u8FD8u6709u4EC0u4E48u95EEu9898u5417\r\n\r\nB:u6CA1u6709u4E86\r\nA:u90A3u5C31u8FD9u6837u5427\r\n\r\nB:u8C22u8C22uFF0Cu6211u73B0u5728u53EFu4EE5u53BBu53C2u52A02u9762u3002\r\nA:u6069uFF0CuFF0CuFF0CuFF0C\r\n\r\nu4E8Cu9762\r\nu4E8Cu9762u662Fhru5C0Fu59D0u59D0u6765u53EBu4F60u7684u540Du5B57u3002\r\nu7136u540Ehru95EEuFF0Cu6709u6CA1u6709u628Au724Cu5B50u4EA4u4E86uFF0Cu662Fu4E0Du662Fu79D1u5927u7684uFF0C\r\nu6211u8BF4u6069u3002u3002\r\nu5F00u59CBu3002u3002\r\n\r\nB:u9762u8BD5u5B98u597Du3002u8FD9u662Fu6211u7684u7B80u5386uFF0CuFF0CuFF0C\r\nu6211u5E26u4E862u79CDu7B80u5386uFF0Cu5B98u7F51u7684u548Cu81EAu5DF1u505Au7684u3002\r\nu4ED6u53EAu8981u4E86u81EAu5DF1u505Au7684u3002\r\n\r\nA:u95EEu3002u672Cu79D1u6210u7EE9u5F88u597Du54C8uFF0Cu7814u7A76u751Fu600Eu4E48u5DEEu4E86uFF0Cu591Au4E86u4E2A0uFF08u621150u540DuFF09\r\n\r\nB:u6211uFF0Cu7814u7A76u751Fu91CDu70B9u4E0Du5728u5B66u4E60u8003u8BD5u4E0Au4E86u3002\r\nA:uFF1FuFF1FuFF1F\r\n\r\nB:u6211u8BF4u4E3Bu8981u505Au9879u76EEu3002u3002u3002u3002u3002u3002\r\nA:u8BB2u4E00u4E00u4E2Au9879u76EEu3002\r\n\r\nu6211u8FD8u662Fu8BF4u7684u7B2Cu4E00u4E2Au9879u76EEuFF0Cu6570u636Eu5E93\r\nu9762u8BD5u5B98u8BA9u753Bu56FEu3002u8BF4u4F60u5148u753Bu597Du4E86u518Du7ED9u6211uFF08u4ED6u53BBu770Bu7B80u5386u53BBu4E86uFF09\r\n\r\nu753Bu56FEu3002u3002u3002u3002u3002\r\nu4F60u8BF4u517Cu5BB9mysqlu4EC0u4E48u610Fu601Du3002\r\n\r\nmysqlu5BA2u670Du7AEFu53EFu4EE5u76F4u63A5u8FDEu63A5u6211u7684u6570u636Eu5E93uFF0CuFF0CuFF0CuFF0CuFF0C\r\nu652Fu6301u591Au5927u8FDEu63A5uFF08u5927u6982u8FD9u4E2Au610Fu601DuFF09\r\n\r\nu4E0Du597Du610Fu601DuFF0Cu6211u6CA1u8FDBu884Cu8FC7u538Bu529Bu6D4Bu8BD5uFF0Cu53EAu8FDBu884Cu4E86u529Fu80FDu6D4Bu8BD5\r\nu95EEu6211u7684u6570u636Eu5E93u573Au666Fu3002\r\n\r\nu4E00u822Cu5C0Fu6570u636Eu91CFu7684u8BDDuFF0Cu7528mysqlu7684u5730u65B9u90FDu53EFu4EE5u7528u6211u7684u6570u636Eu5E93\r\n\r\nu9762u8BD5u5B98u6447u5934uFF0Cu88ABu9119u89C6u4E86u4E00u4E0Bu3002u3002u3002u3002\r\n\r\nu95EEu505Au8FD9u4E2Au7684u610Fu4E49\r\nu56FDu5BB6u652Fu6301u4EC0u4E48uFF0CuFF0CuFF0CuFF0CuFF0CuFF0Cu5BFCu5E08u4EC0u4E48uFF0CuFF0CuFF0CuFF0CuFF0CuFF0Cu6BD4u6BD4\r\n\r\nu95EEu5BB6u662Fu54EAu91CCu7684u3002u3002u3002u3002\r\nu91CDu5E86\r\nu91CDu5E86u54EAu91CC\r\n\r\nu91CDu5E86u5949u8282uFF0C\r\nu9762u8BD5u5B98u6CA1u542Cu6E05u695AuFF0Cu6211u5199u51FAu6765u4E86\r\nu8BF4uFF0Cu5949u8282u554AuFF0Cu6211u77E5u9053uFF0Cu767Du5E1Du57CEu561Bu3002\r\nu770Bu4E86u4E0Bu6211u7684u7B80u5386uFF0C\r\nu54C7uFF0Cu4F60u7ED3u5A5Au4E86uFF0CuFF0CuFF0CuFF0C\r\n\r\nu6069uFF0CuFF0CuFF0CuFF0CuFF0CuFF0CuFF0C\r\nu6211u95EEu4E86u4E0Bu534Eu4E3Au662Fu4E0Du662Fu5BF9u7ED3u5A5Au7684u6709u610Fu89C1\r\nu56DEu7B54u8BF4u4E0Du4E0DuFF0Cu6211u53EAu662FuFF0CuFF0CuFF0CuFF0CuFF0C\r\nu4E3Au4EC0u4E48u7814u7A76u751Fu5C31u7ED3u5A5Au4E86uFF0Cu522Bu4EBAu4ECBu7ECDu7684uFF1F\r\n\r\nu6211uFF0Cu4E0Du4E0Du4E0DuFF0Cu522Bu4EBAu4ECBu7ECDu7684u600Eu4E48u53EFu80FDu7ED3u5A5Au90A3u4E48u65E9uFF0Cu6211u548Cu6211u8001u5A46u4ECEu5F88u65E9u5F00u59CBu5C31u8BA4u8BC6uFF0Cu6211u89C9u5F97u6211u4EECu611Fu89C9u5F88u597DuFF0Cu5C31u7ED3u4E86u3002u3002u3002u3002\r\nu5DE5u4F5Cu8FC7u7684uFF1F\r\nu6211u9A6Cu4E0Au89E3u91CAu8BF4u6CA1u6709u5DE5u4F5Cu8FC7uFF0Cu6CA1u6709u7559u7EA7u8FC7uFF0CuFF0CuFF0CuFF0CuFF0CuFF0CuFF0CuFF0C\r\nu6709u5C0Fu5B69u4E86u5427\r\n\r\nu9A6Cu4E0Au751FuFF0CuFF0CuFF0CuFF0CuFF0CuFF0CuFF0CuFF0CuFF0CuFF0CuFF0CuFF0C\r\nu9762u8BD5u5B98uFF0CuFF0CuFF0CuFF0CuFF0CuFF0CuFF0C\r\n\r\nu6211u8BF4u8FD9u6837u4EE5u540Eu5C31u53EFu4EE5u4E13u5FC3u5DE5u4F5Cu4E86\r\nu4E86u89E3u8FC7u534Eu4E3Au7684u52A0u73EDu5427\r\n\r\nu6069u6069uFF0Cu77E5u9053u3002u3002u3002u6211u89C9u5F97u5E74u8F7Bu4EBAu600Eu4E48u600Eu4E48u7684uFF0CuFF0CuFF0CuFF0Cu5C31u662Fu8BF4u52A0u73EDu53EFu4EE5u63A5u53D7u3002u3002u3002\r\n\r\nu559Cu6B22u4EC0u4E48u8FD0u52A8uFF0Cu538Bu529Bu5927u4E86u4E00u822Cu505Au4EC0u4E48uFF0CuFF0CuFF0C\r\nu6211u8BF4u8DD1u6B65u548Cu6E38u620Fu3002u3002u4ED6u8BF4u4EC0u4E48u6E38u620FuFF0Cu3002u3002u6211u8BF4u3002uFF0CuFF0Cu3002u3002u3002\r\n\r\nu95EEu7236u6BCDu505Au4EC0u4E48u7684u3002\r\nu3002u3002u3002u3002u3002u3002u3002\r\nu72ECu751Fu5B50u5417\r\n\r\nu4E0Du3002u3002u3002u3002u3002u3002u3002u3002u3002u3002u3002\r\nu8FD8u6709u3002u3002u3002u3002u3002u3002\r\n\r\nuFF0CuFF0CuFF0CuFF0CuFF0CuFF0CuFF0CuFF0CuFF0C\r\nu4F60u8001u5A46u91CDu5E86uFF0Cu6709u70B9u8FDCu554AuFF0C\r\n\r\nu3002u8FD9u4E0Du662Fu95EEu9898uFF0CuFF0CuFF0Cu6211u627Eu5230u5DE5u4F5Cu5C31uFF0CuFF0CuFF0CuFF0CuFF0CuFF0CuFF0CuFF0CuFF0CuFF0C\r\nu5DE5u4F5Cu610Fu5411u3002u3002\r\n\r\nu7B2Cu4E00u5FD7u613Fu534Eu4E3AuFF0CuFF0CuFF0CuFF0CuFF0CuFF0CuFF0CuFF0CuFF0CuFF0C\r\nu6700u540Eu6211u8FD8u662Fu95EEu4E86u7B2Cu4E00u9762u7684u90A3u51E0u4E2Au95EEu9898u95EEu4E86u4ED6u3002u3002u3002u3002\r\n\r\nu6700u540Eu95EEu4ED6u4EC0u4E48u65F6u5019u53EFu4EE5u77E5u9053u7ED3u679CuFF0C\r\nu4E00u5468u5185u3002u3002u3002u3002u3002u3002u3002', '1', 'Java高级软件开发工程师');
INSERT INTO `content` VALUES ('37', '华为技术有限公司', '社招', '未知', '2018-06-30', '硕士985/211', 'IT|互联网|通信', 'u9762u8BD5u611Fu89C9u4E0Du9519\r\nu524Du51E0u5929u7ECFu8FC7u673Au8003uFF0Cu6027u683Cu6D4Bu8BD5u3002u77EDu4FE1u901Au77E5u4ECAu592910u70B9u9762u8BD5u3002\r\nu4EBAu751Fu7B2Cu4E00u6B21u9762u8BD5u732Eu7ED9u4E86u534Eu4E3AuFF0Cu8FD8u6709u70B9u5C0Fu7D27u5F20uFF0C\r\n8u70B920u5C31u6EF4u6EF4u8FC7u53BBu4E86u3002u534Eu4E3Au65E9u4E861u4E2Au5C0Fu65F6u3002\r\nu7B49u523010u70B930u4EE5u540Eu624Du5F00u59CBu9762u6211u3002\r\nu9762u8BD5u771Fu7684u5F88u6C34u3001u5FC3u91CCu6CA1u8C31\r\nu8EABu8FB9u540Cu5B66u7684u7ECFu9A8Cu662FuFF0Cu7814u7A76u751Fu57FAu672Cu53EAu95EEu9879u76EEuFF0Cu672Cu79D1u751Fu6709u95EEu9879u76EEuFF0Cu6709u95EEu57FAu7840\r\nu6211u7684u7ECFu9A8Cu662FuFF1Au672Cu79D1u751Fu597Du597Du51C6u5907u4E002u4E2Au9879u76EEu5C31u597DuFF0Cu5176u4ED6u5C31u662Fu95EEu76F8u5173u7684u57FAu7840u77E5u8BC6u3002u7814u7A76u751Fu9879u76EEu7ECFu9A8Cu5199u591Au70B9uFF08u6211u5199u4E868u4E2Au9879u76EEu5427uFF0Cu5168u5199u7684u72ECu7ACBu5B8Cu6210uFF09uFF0Cu7136u540Eu597Du597Du5305u88C5\r\n\r\nu4E0Bu9762u5F00u59CBu7684Au4EE3u8868u9762u8BD5u5B98uFF0CBu4EE3u8868u6211u3002\r\nu7B2Cu4E00u9762\r\nu5750u7740u3002u9762u4F60u7684u9762u8BD5u5B98u81EAu5DF1u51FAu6765u53EBu4F60u540Du5B57u3002u8BB0u5F97u5FAEu7B11u7684u8DDFu7740u8D70u8FC7u53BBu3002\r\n\r\nB:u9762u8BD5u5B98uFF0Cu8FD9u662Fu6211u7684u7B80u5386\r\nA:u4E0Du9700u8981\r\n\r\nB:u77EDu4FE1u901Au77E5u8BA9u5E26u4E0Au8BC1u4E66uFF0Cu8FD9u91CCu662Fu8BC1u4E66uFF0Cu9700u8981u68C0u67E5u4E0Bu4E0D\r\nA:u4E0Du9700u8981uFF08u9762u8BD5u5B98u4EC0u4E48u90FDu6CA1u6536u6211u7684uFF0Cu76F4u63A5u770Bu7684u4ED6u7535u8111u3002u3002u5F53u65F6u5FC3u4E2Du5931u843DuFF09\r\nu95EEu8BA9u6211u53EBu4E00u4E2Au9879u76EE\r\n\r\nB:u6700u8FD1u4E00u5E74u6211u4E3Bu8981u505Au4E00u4E2Au5206u5E03u5F0Fu5B89u5168u6570u636Eu5E93u7684u9879u76EEu3002bbu4E86u4E00u4E0Bu3002u7136u540Eu6211u95EEu9700u8981u753Bu56FEu89E3u91CAu4E00u4E0Bu4E0Du3002\r\nA:u53EFu4EE5uFF0Cu6765u753Bu4E00u4E0Bu3002\r\n\r\nB:u753Bu597Du4E86uFF0Cu4ECEmysqlu901Au4FE1u524Du7AEFu5230sqlu89E3u6790u5230sqlu4F18u5316u5230u6570u636Eu5E93u5F15u64CEuFF0Cu6211u5206u522Bu8BB2u4E86u4E00u4E0B----------------\r\nA:u6069uFF0Cu6211u95EEu4F60u4E00u4E0BuFF0Cu524Du7AEFsocketu8FDEu63A5u4F60u600Eu4E48u89E3u51B3u7684uFF08u5927u6982u662Fu8FD9u4E2Au610Fu601DuFF09\r\n\r\nB:u6211u4ECEjava bio nio aio u518Du5927nettyu5206u522Bu8BF4u4E00u4E0Bu3002u3002u3002u3002\r\nA:u5206u5E03u5F0Fu4E00u81F4u6027u4F60u662Fu600Eu4E48u89E3u51B3u7684u3002\r\n\r\nB:u8BB2u4E86u5206u5E03u5F0Fu534Fu8BAEbaseuFF0Cpaxosu7B49u7B49uFF0Cu7136u540Eu8BF4u81EAu5DF1u60F3u5230u7528u5206u5E03u5F0Fu9501u3002u6700u540Eu89C9u5F97u6027u80FDu4E0Du591FuFF0Cu7528u7684u5206u5E03u5F0Fu591Au7248u672Cu63A7u5236u3002u3002u3002u3002\r\nA:u4F60u8FD9u4E2Au6570u636Eu5E93u548Cmysqlu76F8u6BD4u6709u4EC0u4E48u4F18u70B9u3002\r\n\r\nB:u6211u4ECEmysqlu7684u5206u5E03u5F0Fu5230mysql clusteru5206u522Bu8BF4u4E86u4E0Bu3002u6700u540Eu8BF4u4E86u4E0Bu81EAu5DF1u7684u9879u76EEu65E0u4E3Bu8282u70B9uFF0Cu90E8u7F72u7B80u5355uFF0CuFF0CuFF0CuFF0CuFF0Cu8FD8u63D0u5230hadoopuFF0Cu963Fu91CCu5206u5E03u5F0Fu6570u636Eu5E93u4EC0u4E48u7684uFF0Cu4F5Cu4E3Au5BF9u6BD4u3002\r\nA:u9762u8BD5u5B98u5F00u59CBu8BB2u56FDu5185u6570u636Eu5E93u5F00u53D1u73B0u72B6,,,,,,,,,,,,,,,,u3002u4E0Du77E5u9053u600Eu4E48u5C31u8BF4u5230u534Eu4E3Au5B58u50A8u4E86u3002\r\nu7136u540E\r\n\r\nB:u6211u5C31u95EEu5B58u50A8u662Fu534Eu4E3Au6210u90FDu7684u5927u90E8u95E8uFF0Cu8BF7u95EEu4E3Bu8981u505Au4EC0u4E48uFF0Cu4EA7u54C1u6709u54EAu4E9Bu3002\r\nu9762u8BD5u5B98u8BB2u4E86u5927u5806u3002u6211u4E5Fu8DDFu7740u804Au4E86u4E0Bu3002u4ECEu963Fu91CCu4E91u5230uFF0CuFF0CuFF0CuFF0CuFF0CuFF0C\r\nA:u95EEu8FD8u6709u4EC0u4E48u95EEu9898u5417\r\n\r\nB:u6211u60F3u95EEu4E00u4E0Bu5C97u4F4Du662Fu4E0Du662Fu968Fu4FBFu5206u914Du7684\r\nA:u4E0Du662FuFF0CuFF0CuFF0CuFF0CuFF0CuFF0C\r\n\r\nB:u4E5Fu5C31u662Fu4F1Au53C2u8003u81EAu5DF1u7684u610Fu613FuFF0Cu662Fu5427\r\nA:u5F53u7136----------------------u3002\r\n\r\nB:u5982u679Cu6211u8FDBu534Eu4E3AuFF0Cu4F1Au4E0Du4F1Au628Au6211u5206u914Du5230c&mdash;\r\nu8BF4u4E0Du56DEuFF0CuFF0CuFF0CuFF0CuFF0Cu7136u540Eu8BF4u6211u53EFu4EE5u8DDFu4EE5u540Eu7684u9762u8BD5u5B98u8BF4u4E0Bu6211u7684u610Fu613Fu3002\r\nA:u8FD8u6709u4EC0u4E48u95EEu9898u5417\r\n\r\nB:u6CA1u6709u4E86\r\nA:u90A3u5C31u8FD9u6837u5427\r\n\r\nB:u8C22u8C22uFF0Cu6211u73B0u5728u53EFu4EE5u53BBu53C2u52A02u9762u3002\r\nA:u6069uFF0CuFF0CuFF0CuFF0C\r\n\r\nu4E8Cu9762\r\nu4E8Cu9762u662Fhru5C0Fu59D0u59D0u6765u53EBu4F60u7684u540Du5B57u3002\r\nu7136u540Ehru95EEuFF0Cu6709u6CA1u6709u628Au724Cu5B50u4EA4u4E86uFF0Cu662Fu4E0Du662Fu79D1u5927u7684uFF0C\r\nu6211u8BF4u6069u3002u3002\r\nu5F00u59CBu3002u3002\r\n\r\nB:u9762u8BD5u5B98u597Du3002u8FD9u662Fu6211u7684u7B80u5386uFF0CuFF0CuFF0C\r\nu6211u5E26u4E862u79CDu7B80u5386uFF0Cu5B98u7F51u7684u548Cu81EAu5DF1u505Au7684u3002\r\nu4ED6u53EAu8981u4E86u81EAu5DF1u505Au7684u3002\r\n\r\nA:u95EEu3002u672Cu79D1u6210u7EE9u5F88u597Du54C8uFF0Cu7814u7A76u751Fu600Eu4E48u5DEEu4E86uFF0Cu591Au4E86u4E2A0uFF08u621150u540DuFF09\r\n\r\nB:u6211uFF0Cu7814u7A76u751Fu91CDu70B9u4E0Du5728u5B66u4E60u8003u8BD5u4E0Au4E86u3002\r\nA:uFF1FuFF1FuFF1F\r\n\r\nB:u6211u8BF4u4E3Bu8981u505Au9879u76EEu3002u3002u3002u3002u3002u3002\r\nA:u8BB2u4E00u4E00u4E2Au9879u76EEu3002\r\n\r\nu6211u8FD8u662Fu8BF4u7684u7B2Cu4E00u4E2Au9879u76EEuFF0Cu6570u636Eu5E93\r\nu9762u8BD5u5B98u8BA9u753Bu56FEu3002u8BF4u4F60u5148u753Bu597Du4E86u518Du7ED9u6211uFF08u4ED6u53BBu770Bu7B80u5386u53BBu4E86uFF09\r\n\r\nu753Bu56FEu3002u3002u3002u3002u3002\r\nu4F60u8BF4u517Cu5BB9mysqlu4EC0u4E48u610Fu601Du3002\r\n\r\nmysqlu5BA2u670Du7AEFu53EFu4EE5u76F4u63A5u8FDEu63A5u6211u7684u6570u636Eu5E93uFF0CuFF0CuFF0CuFF0CuFF0C\r\nu652Fu6301u591Au5927u8FDEu63A5uFF08u5927u6982u8FD9u4E2Au610Fu601DuFF09\r\n\r\nu4E0Du597Du610Fu601DuFF0Cu6211u6CA1u8FDBu884Cu8FC7u538Bu529Bu6D4Bu8BD5uFF0Cu53EAu8FDBu884Cu4E86u529Fu80FDu6D4Bu8BD5\r\nu95EEu6211u7684u6570u636Eu5E93u573Au666Fu3002\r\n\r\nu4E00u822Cu5C0Fu6570u636Eu91CFu7684u8BDDuFF0Cu7528mysqlu7684u5730u65B9u90FDu53EFu4EE5u7528u6211u7684u6570u636Eu5E93\r\n\r\nu9762u8BD5u5B98u6447u5934uFF0Cu88ABu9119u89C6u4E86u4E00u4E0Bu3002u3002u3002u3002\r\n\r\nu95EEu505Au8FD9u4E2Au7684u610Fu4E49\r\nu56FDu5BB6u652Fu6301u4EC0u4E48uFF0CuFF0CuFF0CuFF0CuFF0CuFF0Cu5BFCu5E08u4EC0u4E48uFF0CuFF0CuFF0CuFF0CuFF0CuFF0Cu6BD4u6BD4\r\n\r\nu95EEu5BB6u662Fu54EAu91CCu7684u3002u3002u3002u3002\r\nu91CDu5E86\r\nu91CDu5E86u54EAu91CC\r\n\r\nu91CDu5E86u5949u8282uFF0C\r\nu9762u8BD5u5B98u6CA1u542Cu6E05u695AuFF0Cu6211u5199u51FAu6765u4E86\r\nu8BF4uFF0Cu5949u8282u554AuFF0Cu6211u77E5u9053uFF0Cu767Du5E1Du57CEu561Bu3002\r\nu770Bu4E86u4E0Bu6211u7684u7B80u5386uFF0C\r\nu54C7uFF0Cu4F60u7ED3u5A5Au4E86uFF0CuFF0CuFF0CuFF0C\r\n\r\nu6069uFF0CuFF0CuFF0CuFF0CuFF0CuFF0CuFF0C\r\nu6211u95EEu4E86u4E0Bu534Eu4E3Au662Fu4E0Du662Fu5BF9u7ED3u5A5Au7684u6709u610Fu89C1\r\nu56DEu7B54u8BF4u4E0Du4E0DuFF0Cu6211u53EAu662FuFF0CuFF0CuFF0CuFF0CuFF0C\r\nu4E3Au4EC0u4E48u7814u7A76u751Fu5C31u7ED3u5A5Au4E86uFF0Cu522Bu4EBAu4ECBu7ECDu7684uFF1F\r\n\r\nu6211uFF0Cu4E0Du4E0Du4E0DuFF0Cu522Bu4EBAu4ECBu7ECDu7684u600Eu4E48u53EFu80FDu7ED3u5A5Au90A3u4E48u65E9uFF0Cu6211u548Cu6211u8001u5A46u4ECEu5F88u65E9u5F00u59CBu5C31u8BA4u8BC6uFF0Cu6211u89C9u5F97u6211u4EECu611Fu89C9u5F88u597DuFF0Cu5C31u7ED3u4E86u3002u3002u3002u3002\r\nu5DE5u4F5Cu8FC7u7684uFF1F\r\nu6211u9A6Cu4E0Au89E3u91CAu8BF4u6CA1u6709u5DE5u4F5Cu8FC7uFF0Cu6CA1u6709u7559u7EA7u8FC7uFF0CuFF0CuFF0CuFF0CuFF0CuFF0CuFF0CuFF0C\r\nu6709u5C0Fu5B69u4E86u5427\r\n\r\nu9A6Cu4E0Au751FuFF0CuFF0CuFF0CuFF0CuFF0CuFF0CuFF0CuFF0CuFF0CuFF0CuFF0CuFF0C\r\nu9762u8BD5u5B98uFF0CuFF0CuFF0CuFF0CuFF0CuFF0CuFF0C\r\n\r\nu6211u8BF4u8FD9u6837u4EE5u540Eu5C31u53EFu4EE5u4E13u5FC3u5DE5u4F5Cu4E86\r\nu4E86u89E3u8FC7u534Eu4E3Au7684u52A0u73EDu5427\r\n\r\nu6069u6069uFF0Cu77E5u9053u3002u3002u3002u6211u89C9u5F97u5E74u8F7Bu4EBAu600Eu4E48u600Eu4E48u7684uFF0CuFF0CuFF0CuFF0Cu5C31u662Fu8BF4u52A0u73EDu53EFu4EE5u63A5u53D7u3002u3002u3002\r\n\r\nu559Cu6B22u4EC0u4E48u8FD0u52A8uFF0Cu538Bu529Bu5927u4E86u4E00u822Cu505Au4EC0u4E48uFF0CuFF0CuFF0C\r\nu6211u8BF4u8DD1u6B65u548Cu6E38u620Fu3002u3002u4ED6u8BF4u4EC0u4E48u6E38u620FuFF0Cu3002u3002u6211u8BF4u3002uFF0CuFF0Cu3002u3002u3002\r\n\r\nu95EEu7236u6BCDu505Au4EC0u4E48u7684u3002\r\nu3002u3002u3002u3002u3002u3002u3002\r\nu72ECu751Fu5B50u5417\r\n\r\nu4E0Du3002u3002u3002u3002u3002u3002u3002u3002u3002u3002u3002\r\nu8FD8u6709u3002u3002u3002u3002u3002u3002\r\n\r\nuFF0CuFF0CuFF0CuFF0CuFF0CuFF0CuFF0CuFF0CuFF0C\r\nu4F60u8001u5A46u91CDu5E86uFF0Cu6709u70B9u8FDCu554AuFF0C\r\n\r\nu3002u8FD9u4E0Du662Fu95EEu9898uFF0CuFF0CuFF0Cu6211u627Eu5230u5DE5u4F5Cu5C31uFF0CuFF0CuFF0CuFF0CuFF0CuFF0CuFF0CuFF0CuFF0CuFF0C\r\nu5DE5u4F5Cu610Fu5411u3002u3002\r\n\r\nu7B2Cu4E00u5FD7u613Fu534Eu4E3AuFF0CuFF0CuFF0CuFF0CuFF0CuFF0CuFF0CuFF0CuFF0CuFF0C\r\nu6700u540Eu6211u8FD8u662Fu95EEu4E86u7B2Cu4E00u9762u7684u90A3u51E0u4E2Au95EEu9898u95EEu4E86u4ED6u3002u3002u3002u3002\r\n\r\nu6700u540Eu95EEu4ED6u4EC0u4E48u65F6u5019u53EFu4EE5u77E5u9053u7ED3u679CuFF0C\r\nu4E00u5468u5185u3002u3002u3002u3002u3002u3002u3002', '1', 'Java高级软件开发工程师');
INSERT INTO `content` VALUES ('38', '华为技术有限公司', '社招', '未知', '2018-06-30', '硕士985/211', 'IT|互联网|通信', 'u534Eu4E3Au9762u8BD5', '1', 'Java高级软件开发工程师');
INSERT INTO `content` VALUES ('39', '华为技术有限公司', '社招', '未知', '2018-06-30', '硕士985/211', 'IT|互联网|通信', 'hggh\r\nhw\r\nu534Eu4E3Au9762u8BD5', '1', 'Java高级软件开发工程师');
INSERT INTO `content` VALUES ('40', '腾讯科技有限技术公司', '社招', '通过', '2018-07-01', '硕士985/211', 'IT|互联网|通信', '前几天经过机考，性格测试。短信通知今天10点面试。\r\n人生第一次面试献给了华为，还有点小紧张，\r\n8点20就滴滴过去了。华为早了1个小时。\r\n等到10点30以后才开始面我。\r\n面试真的很水、心里没谱\r\n身边同学的经验是，研究生基本只问项目，本科生有问项目，有问基础\r\n我的经验是：本科生好好准备一2个项目就好，其他就是问相关的基础知识。研究生项目经验写多点（我写了8个项目吧，全写的独立完成），然后好好包装\r\n\r\n下面开始的A代表面试官，B代表我。\r\n第一面\r\n坐着。面你的面试官自己出来叫你名字。记得微笑的跟着走过去。\r\n\r\nB:面试官，这是我的简历\r\nA:不需要\r\n\r\nB:短信通知让带上证书，这里是证书，需要检查下不\r\nA:不需要（面试官什么都没收我的，直接看的他电脑。。当时心中失落）\r\n问让我叫一个项目\r\n\r\nB:最近一年我主要做一个分布式安全数据库的项目。bb了一下。然后我问需要画图解释一下不。\r\nA:可以，来画一下。\r\n\r\nB:画好了，从mysql通信前端到sql解析到sql优化到数据库引擎，我分别讲了一下----------------\r\nA:恩，我问你一下，前端socket连接你怎么解决的（大概是这个意思）\r\n\r\nB:我从java bio nio aio 再大netty分别说一下。。。。\r\nA:分布式一致性你是怎么解决的。\r\n\r\nB:讲了分布式协议base，paxos等等，然后说自己想到用分布式锁。最后觉得性能不够，用的分布式多版本控制。。。。\r\nA:你这个数据库和mysql相比有什么优点。\r\n\r\nB:我从mysql的分布式到mysql cluster分别说了下。最后说了下自己的项目无主节点，部署简单，，，，，还提到hadoop，阿里分布式数据库什么的，作为对比。\r\nA:面试官开始讲国内数据库开发现状,,,,,,,,,,,,,,,,。不知道怎么就说到华为存储了。\r\n然后\r\n\r\nB:我就问存储是华为成都的大部门，请问主要做什么，产品有哪些。\r\n面试官讲了大堆。我也跟着聊了下。从阿里云到，，，，，，\r\nA:问还有什么问题吗\r\n\r\nB:我想问一下岗位是不是随便分配的\r\nA:不是，，，，，，\r\n\r\nB:也就是会参考自己的意愿，是吧\r\nA:当然----------------------。\r\n\r\nB:如果我进华为，会不会把我分配到c&mdash;\r\n说不回，，，，，然后说我可以跟以后的面试官说下我的意愿。\r\nA:还有什么问题吗\r\n\r\nB:没有了\r\nA:那就这样吧\r\n\r\nB:谢谢，我现在可以去参加2面。\r\nA:恩，，，，\r\n\r\n二面\r\n二面是hr小姐姐来叫你的名字。\r\n然后hr问，有没有把牌子交了，是不是科大的，\r\n我说恩。。\r\n开始。。\r\n\r\nB:面试官好。这是我的简历，，，\r\n我带了2种简历，官网的和自己做的。\r\n他只要了自己做的。\r\n\r\nA:问。本科成绩很好哈，研究生怎么差了，多了个0（我50名）\r\n\r\nB:我，研究生重点不在学习考试上了。\r\nA:？？？\r\n\r\nB:我说主要做项目。。。。。。\r\nA:讲一一个项目。\r\n\r\n我还是说的第一个项目，数据库\r\n面试官让画图。说你先画好了再给我（他去看简历去了）\r\n\r\n画图。。。。。\r\n你说兼容mysql什么意思。\r\n\r\nmysql客服端可以直接连接我的数据库，，，，，\r\n支持多大连接（大概这个意思）\r\n\r\n不好意思，我没进行过压力测试，只进行了功能测试\r\n问我的数据库场景。\r\n\r\n一般小数据量的话，用mysql的地方都可以用我的数据库\r\n\r\n面试官摇头，被鄙视了一下。。。。\r\n\r\n问做这个的意义\r\n国家支持什么，，，，，，导师什么，，，，，，比比\r\n\r\n问家是哪里的。。。。\r\n重庆\r\n重庆哪里\r\n\r\n重庆奉节，\r\n面试官没听清楚，我写出来了\r\n说，奉节啊，我知道，白帝城嘛。\r\n看了下我的简历，\r\n哇，你结婚了，，，，\r\n\r\n恩，，，，，，，\r\n我问了下华为是不是对结婚的有意见\r\n回答说不不，我只是，，，，，\r\n为什么研究生就结婚了，别人介绍的？\r\n\r\n我，不不不，别人介绍的怎么可能结婚那么早，我和我老婆从很早开始就认识，我觉得我们感觉很好，就结了。。。。\r\n工作过的？\r\n我马上解释说没有工作过，没有留级过，，，，，，，，\r\n有小孩了吧\r\n\r\n马上生，，，，，，，，，，，，\r\n面试官，，，，，，，\r\n\r\n我说这样以后就可以专心工作了\r\n了解过华为的加班吧\r\n\r\n恩恩，知道。。。我觉得年轻人怎么怎么的，，，，就是说加班可以接受。。。\r\n\r\n喜欢什么运动，压力大了一般做什么，，，\r\n我说跑步和游戏。。他说什么游戏，。。我说。，，。。。\r\n\r\n问父母做什么的。\r\n。。。。。。。\r\n独生子吗\r\n\r\n不。。。。。。。。。。。\r\n还有。。。。。。\r\n\r\n，，，，，，，，，\r\n你老婆重庆，有点远啊，\r\n\r\n。这不是问题，，，我找到工作就，，，，，，，，，，\r\n工作意向。。\r\n\r\n第一志愿华为，，，，，，，，，，\r\n最后我还是问了第一面的那几个问题问了他。。。。\r\n\r\n最后问他什么时候可以知道结果，\r\n一周内。。。。。。。', '1', '高级C++软件开发工程师');
INSERT INTO `content` VALUES ('41', '腾讯科技有限技术公司', '社招', '通过', '2018-07-01', '硕士985/211', 'IT|互联网|通信', 'ds&lt;pre&gt;\r\n&lt;p&gt;ds&lt;/p&gt;\r\n&lt;script&gt;var e = 1;&lt;/script&gt;\r\n注入测试', '1', '高级C++软件开发工程师');

-- ----------------------------
-- Table structure for userinfo
-- ----------------------------
DROP TABLE IF EXISTS `userinfo`;
CREATE TABLE `userinfo` (
  `id` int(11) NOT NULL AUTO_INCREMENT,
  `name` text,
  `password` text,
  PRIMARY KEY (`id`)
) ENGINE=InnoDB AUTO_INCREMENT=4 DEFAULT CHARSET=utf8;

-- ----------------------------
-- Records of userinfo
-- ----------------------------
INSERT INTO `userinfo` VALUES ('1', 'Mick', '123456');
INSERT INTO `userinfo` VALUES ('2', 'Tom', '123456');
INSERT INTO `userinfo` VALUES ('3', 'Jane', '123456');
